NAME,ID,UID,PUB_KEY,PRIV_KEY
alice,0,0071e7057f26278640576a371e29d143c703cc96d9f72f39ea97c2423eb6a714,"-----BEGIN RSA PUBLIC KEY-----
MIIBCgKCAQEAwip3NDQ7INrDbOmxiGxe6iJyb7SS61AImWjU6hk8tjTCvoqNd1l2
kTNHc+lUy1vZj4o66BVwvObj9Ko+k+KmEjPjUA7tE4PNjxc03PxjZFLXI8pmkFJ8
jnUs1Fih8BtI82pe4BppHdohHJo2ynX46S5xAwZpw/Hh+mTw6RJhaZzkQ1kovkMQ
gPUCraXV48SV19dFzYBPzlxsOIQcjmeWJddGEZ6/NyKKlmYozR0NtIthRkyzNQoF
DRkvcTgoHbYiuj5ndFgxwMuIp1E+O3vy3rNNBhC9CoIfEUACPquIv4xG+oCg05VQ
2LJ1k0A/p4gFjVWg/UXITpbCOQJU3cymgwIDAQAB
-----END RSA PUBLIC KEY-----
","-----BEGIN RSA PRIVATE KEY-----
MIIErAIBAAKCAQEAwip3NDQ7INrDbOmxiGxe6iJyb7SS61AImWjU6hk8tjTCvoqN
d1l2kTNHc+lUy1vZj4o66BVwvObj9Ko+k+KmEjPjUA7tE4PNjxc03PxjZFLXI8pm
kFJ8jnUs1Fih8BtI82pe4BppHdohHJo2ynX46S5xAwZpw/Hh+mTw6RJhaZzkQ1ko
vkMQgPUCraXV48SV19dFzYBPzlxsOIQcjmeWJddGEZ6/NyKKlmYozR0NtIthRkyz
NQoFDRkvcTgoHbYiuj5ndFgxwMuIp1E+O3vy3rNNBhC9CoIfEUACPquIv4xG+oCg
05VQ2LJ1k0A/p4gFjVWg/UXITpbCOQJU3cymgwIDAQABAoIBAQCij1Uv4s7iSeW2
CM33LuwkUGTI+0DKPD6G2grwV+LJldC6IFwiYUdwd6NJ+z9f5u12TL/W0SSLMzAF
BofP3sE1mjWlMGnynbX7J+29Wp2IQAcZUvqduEHKL3Yx7mbeFKn2CceXDuWU9awl
O0PGLBESgSxi4Pqp75d++6Rtx0xFEF//Ocn3j8rInzmlyMDZkQeb43Ns8F2ijOmY
jZDOVR+7ixBS2a/Fe3bNiiOngf8EpF9GAkqVAY9PxVxBNEEvhfBw5BuNTYDGGU3N
l+OJVcA1QGknoeJV+JVKDvN82yPsfinKLSIaLdSDMWlkPpQ1BFE7BchqG61Dfvid
b2MjSwzJAoGJAO/Nd/JVm5ZCnGLEj8vwKdZ8P5hVh3/nghuIw13b6SiqIwnS3kSz
YOJFsyTzUAMAv+JXDdX/xWFWifE4TYbIrahiIUqv0vKON1Em1py6NNsQucFRxyIZ
LGcHp0E+3FMFRkIB+aDCgM+L9EDeNVVHnhTR+G8Mcw2kRBH8NaOoM3ASlAtGe88G
7A0CeQDPR99c4cIRhd84MmZLDjvBZICXsnj8bW9zOqaQPXLCDktzV2fnVMBZLErN
opNR2gaQSJXTJQsY/ViZ3vK4Pb4YNxLfp3eNLcw7kAIMDdWXRG8XYEpFUGf+BFmO
DsMPxvGqgSMG1++XOBv5TgNOHBCvX+FIRHxo6M8CgYkA7RwL6ujs46FPgnV6/Zql
s7e9JgID7dtakaEkE81a+ONpq8/+CI4ZUQK8BOA0kBOQp9uOCbhSUVHBKWuTdJ8+
3ozRAElj2oP2fF5bvDJ+CtG56kXTEYs0lVdC8MeYENrZQnEzg9puhUmMJQvSTlV3
IH0RGbSEmst+pw3rd7vbyIgGLDPwPZ9JjQJ5AJOHbyXXlN4N71s7G+1tuwAhfRj7
MPtRFJLp+qUM50HRFMiKPGy8uI5/ZNpJTRtj12oYD3MRmX12y/nwYcbaQxNPF4LR
2dhE8WivTZWwvwYD8iGsKhB9cxarl+XxAcqX6WdWtExpoqB5kgd2DAorFYEM9/YM
sJOmpwKBiQDN4mQ5aAJ3EKmf2j/dqOl6O2lXetqDbj9ELs7rey5nOT8SVKJGr6tA
7bYWC1YfhQ3bn4iprrQjIeX8qTCWrGmCSusyYJNdXGLOodORVUELsMxm9zUC7US2
VJASzNzXo+c3ekRF9KuivkVPYLJPHatQmf5p4NgeDRVBHatWkxf2hY9J1VdlGup2
-----END RSA PRIVATE KEY-----
"
